Peugeot,Blanco,0,4/4/2023
Peugeot,Negro,0,4/4/2023
Fiat,Gris,101500,4/4/2023
Fiat,Gris,111500,4/4/2023
Jeep,Azul,121500,1/4/2023
Peugeot,Blanco,0,4/4/2023
Peugeot,Negro,0,4/4/2023
Fiat,Gris,101500,4/4/2023
Fiat,Gris,111500,4/4/2023
Jeep,Azul,121500,1/4/2023
Peugeot,Blanco,0,4/4/2023
Peugeot,Negro,0,4/4/2023
Fiat,Gris,101500,4/4/2023
Fiat,Gris,111500,4/4/2023
Jeep,Azul,121500,1/4/2023
Peugeot,Blanco,0,4/4/2023
Peugeot,Negro,0,4/4/2023
Fiat,Gris,101500,4/4/2023
Fiat,Gris,111500,4/4/2023
Jeep,Azul,121500,1/4/2023
